year,split,decile,intersections,mean_predicted,mean_actual
2023,validation,1,338,0.489,0.388
2023,validation,2,337,0.489,0.365
2023,validation,3,337,0.651,0.549
2023,validation,4,338,0.816,0.953
2023,validation,5,337,1.235,1.306
2023,validation,6,337,1.985,2.089
2023,validation,7,338,3.246,3.503
2023,validation,8,337,5.484,5.745
2023,validation,9,337,10.123,10.16
2023,validation,10,338,36.852,36.944
2024,validation,1,381,0.384,0.404
2024,validation,2,381,0.384,0.354
2024,validation,3,380,0.534,0.611
2024,validation,4,381,0.671,0.738
2024,validation,5,380,0.965,1.145
2024,validation,6,381,1.581,1.877
2024,validation,7,380,2.687,3.068
2024,validation,8,381,4.87,5.346
2024,validation,9,380,9.229,10.0
2024,validation,10,381,35.118,35.698
2025,test,1,418,0.33,0.352
2025,test,2,418,0.33,0.328
2025,test,3,417,0.481,0.463
2025,test,4,418,0.617,0.533
2025,test,5,418,0.873,0.868
2025,test,6,417,1.4,1.321
2025,test,7,418,2.421,2.529
2025,test,8,417,4.566,4.978
2025,test,9,418,8.97,8.847
2025,test,10,418,35.09,33.888
